0,1,2,3,4,5,counts
www.ringcentral.com,,,,,,1
www.ringcentral.com,business-phone-system.html,,,,,1
www.ringcentral.com,business-voip.html,,,,,1
www.ringcentral.com,cloud-has-won,,,,,1
www.ringcentral.com,cloud-pbx.html,,,,,1
www.ringcentral.com,collaborative-communications.html,,,,,1
www.ringcentral.com,community,index.html,,,,1
www.ringcentral.com,company,careers,internship-program.html,,,1
www.ringcentral.com,company,careers,job-listings.html,,,1
www.ringcentral.com,company,careers,locations.html,,,1
www.ringcentral.com,company,careers,overview.html,,,1
www.ringcentral.com,contact-center,agents.html,,,,1
www.ringcentral.com,contact-center,contact-center-features.html,,,,1
www.ringcentral.com,contact-center,faq.html,,,,1
www.ringcentral.com,contact-center,integrations.html,,,,1
www.ringcentral.com,contact-center,overview.html,,,,1
www.ringcentral.com,contact-center,plans-and-pricing.html,,,,1
www.ringcentral.com,contact-center,supervisors.html,,,,1
www.ringcentral.com,contact-center,workforce-optimization.html,,,,1
www.ringcentral.com,cpaas.html,,,,,1
www.ringcentral.com,demo.html,,,,,1
www.ringcentral.com,europe,,,,,1
www.ringcentral.com,fax,features,faq.html,,,1
www.ringcentral.com,fax,features,how-it-works.html,,,1
www.ringcentral.com,fax,features,whitepaper.html,,,1
www.ringcentral.com,fax,features.html,,,,1
www.ringcentral.com,features,local-numbers,area-code-202.html,,,1
www.ringcentral.com,features,local-numbers,area-code-213.html,,,1
www.ringcentral.com,features,local-numbers,area-code-267.html,,,1
www.ringcentral.com,features,local-numbers,area-code-281.html,,,1
www.ringcentral.com,features,local-numbers,area-code-302.html,,,1
www.ringcentral.com,features,local-numbers,area-code-310.html,,,1
www.ringcentral.com,features,local-numbers,area-code-330.html,,,1
www.ringcentral.com,features,local-numbers,area-code-347.html,,,1
www.ringcentral.com,features,local-numbers,area-code-404.html,,,1
www.ringcentral.com,features,local-numbers,area-code-425.html,,,1
www.ringcentral.com,features,local-numbers,area-code-510.html,,,1
www.ringcentral.com,features,local-numbers,area-code-512.html,,,1
www.ringcentral.com,features,local-numbers,area-code-630.html,,,1
www.ringcentral.com,features,local-numbers,area-code-646.html,,,1
www.ringcentral.com,features,local-numbers,area-code-703.html,,,1
www.ringcentral.com,features,local-numbers,area-code-732.html,,,1
www.ringcentral.com,features,local-numbers,area-code-805.html,,,1
www.ringcentral.com,features,local-numbers,area-code-817.html,,,1
www.ringcentral.com,features,local-numbers,area-code-818.html,,,1
www.ringcentral.com,features,local-numbers,area-code-916.html,,,1
www.ringcentral.com,features,local-numbers,area-code-925.html,,,1
www.ringcentral.com,features,local-numbers,area-code-949.html,,,1
www.ringcentral.com,feedback,sales-contact.html,,,,1
www.ringcentral.com,internet-phone-service.html,,,,,1
www.ringcentral.com,legal,apilitos.html,,,,1
www.ringcentral.com,legal,cc-eulatos.html,,,,1
www.ringcentral.com,legal,emergency-services.html,,,,1
www.ringcentral.com,legal,eulatos.html,,,,1
www.ringcentral.com,legal,hardware-tos.html,,,,1
www.ringcentral.com,legal,lease-rental.html,,,,1
www.ringcentral.com,legal,other_licenses,gips_ilbc.html,,,1
www.ringcentral.com,legal,other_licenses,json-framework.html,,,1
www.ringcentral.com,legal,patents.html,,,,1
www.ringcentral.com,legal,policies,data-request-guidelines.html,,,1
www.ringcentral.com,legal,policies,esignatures.html,,,1
www.ringcentral.com,legal,policies,porting.html,,,1
www.ringcentral.com,legal,privacy-notice.html,,,,1
www.ringcentral.com,legal,privacy-shield-notice.html,,,,1
www.ringcentral.com,legal,ringcentral-hardware-terms-conditions.html,,,,1
www.ringcentral.com,legal,sdklicense.html,,,,1
www.ringcentral.com,legal,taxes-and-fees,911.html,,,1
www.ringcentral.com,legal,taxes-and-fees,e911.html,,,1
www.ringcentral.com,legal,taxes-and-fees,states-and-local.html,,,1
www.ringcentral.com,legal,taxes-and-fees,taxes-and-compliance.html,,,1
www.ringcentral.com,legal,taxes-and-fees,usf.html,,,1
www.ringcentral.com,legal,tou.html,,,,1
www.ringcentral.com,legal,westcon-terms-conditions.html,,,,1
www.ringcentral.com,legal.html,,,,,1
www.ringcentral.com,lp,business-voip,small-business-voip.html,,,1
www.ringcentral.com,lp,connect.html,,,,1
www.ringcentral.com,lp,enterprise-communications.html,,,,1
www.ringcentral.com,lp,gartner-magic-quadrant.html,,,,1
www.ringcentral.com,lp,rise_of_communications.html,,,,1
www.ringcentral.com,lp,sip-trunking.html,,,,1
www.ringcentral.com,lp,small-business-phone-service.html,,,,1
www.ringcentral.com,lp,synergy-research.html,,,,1
www.ringcentral.com,multi-line-phone-system.html,,,,,1
www.ringcentral.com,office,business-apps-infographic.html,,,,1
www.ringcentral.com,office,comparison.html,,,,1
www.ringcentral.com,office,contact-center-infographic.html,,,,1
www.ringcentral.com,office,developer-platform.html,,,,1
www.ringcentral.com,office,features,answering-rules,overview.html,,1
www.ringcentral.com,office,features,auto-attendant,overview.html,,1
www.ringcentral.com,office,features,batch-updates,overview.html,,1
www.ringcentral.com,office,features,box-integration,overview.html,,1
www.ringcentral.com,office,features,business-sms,overview.html,,1
www.ringcentral.com,office,features,call-flip,overview.html,,1
www.ringcentral.com,office,features,call-forwarding,overview.html,,1
www.ringcentral.com,office,features,call-logs,overview.html,,1
www.ringcentral.com,office,features,call-metrics-reporting,overview.html,,1
www.ringcentral.com,office,features,call-monitoring,overview.html,,1
www.ringcentral.com,office,features,call-park,overview.html,,1
www.ringcentral.com,office,features,call-recording,overview.html,,1
www.ringcentral.com,office,features,call-screening,overview.html,,1
www.ringcentral.com,office,features,caller-id-control,overview.html,,1
www.ringcentral.com,office,features,click-to-call,overview.html,,1
www.ringcentral.com,office,features,click-to-call-me,overview.html,,1
www.ringcentral.com,office,features,cloudconnect,overview.html,,1
www.ringcentral.com,office,features,desk-integration,overview.html,,1
www.ringcentral.com,office,features,desktop-apps,overview.html,,1
www.ringcentral.com,office,features,dial-by-name-directory,overview.html,,1
www.ringcentral.com,office,features,directory-listings,overview.html,,1
www.ringcentral.com,office,features,dropbox-integration,overview.html,,1
www.ringcentral.com,office,features,extensions,overview.html,,1
www.ringcentral.com,office,features,global-office-communications,overview.html,,1
www.ringcentral.com,office,features,global-office-communications,solutions.html,,1
www.ringcentral.com,office,features,hot-desking,overview.html,,1
www.ringcentral.com,office,features,intercom-phone-system,overview.html,,1
www.ringcentral.com,office,features,international-phone-numbers,overview.html,,1
www.ringcentral.com,office,features,internet-fax-service,overview.html,,1
www.ringcentral.com,office,features,line-sharing,overview.html,,1
www.ringcentral.com,office,features,local-numbers,overview.html,,1
www.ringcentral.com,office,features,message-alerts,overview.html,,1
www.ringcentral.com,office,features,microsoft-pbx-integration,overview.html,,1
www.ringcentral.com,office,features,missed-call-notification,overview.html,,1
www.ringcentral.com,office,features,music-on-hold,overview.html,,1
www.ringcentral.com,office,features,office-365-integration,overview.html,,1
www.ringcentral.com,office,features,okta-active-directory-integration,overview.html,,1
www.ringcentral.com,office,features,online-meetings,audio-conferencing.html,,1
www.ringcentral.com,office,features,online-meetings,overview.html,,1
www.ringcentral.com,office,features,online-meetings,rooms.html,,1
www.ringcentral.com,office,features,online-meetings,video-conferencing.html,,1
www.ringcentral.com,office,features,online-meetings,webinar.html,,1
www.ringcentral.com,office,features,oracle-sales-cloud-integration,overview.html,,1
www.ringcentral.com,office,features,outlook-integration,overview.html,,1
www.ringcentral.com,office,features,presence,overview.html,,1
www.ringcentral.com,office,features,professionally-recorded-greetings,overview.html,,1
www.ringcentral.com,office,features,rcmobile,app_android.html,,1
www.ringcentral.com,office,features,rcmobile,app_iphone.html,,1
www.ringcentral.com,office,features,rcmobile,overview.html,,1
www.ringcentral.com,office,features,ringcentral-for-google,overview.html,,1
www.ringcentral.com,office,features,roles-and-permissions,overview.html,,1
www.ringcentral.com,office,features,salesforce-integration,overview.html,,1
www.ringcentral.com,office,features,servicenow-integration,overview.html,,1
www.ringcentral.com,office,features,single-sign-on,overview.html,,1
www.ringcentral.com,office,features,skype-for-business-integration,overview.html,,1
www.ringcentral.com,office,features,softphone,overview.html,,1
www.ringcentral.com,office,features,toll-free-numbers,overview.html,,1
www.ringcentral.com,office,features,unified-messaging,overview.html,,1
www.ringcentral.com,office,features,virtual-pbx,overview.html,,1
www.ringcentral.com,office,features,visual-voicemail,overview.html,,1
www.ringcentral.com,office,features,voicemail,overview.html,,1
www.ringcentral.com,office,features,voicemail,voicemail-to-email.html,,1
www.ringcentral.com,office,features,voip,overview.html,,1
www.ringcentral.com,office,features,voip-paging,overview.html,,1
www.ringcentral.com,office,features,zendesk-integration,overview.html,,1
www.ringcentral.com,office,how-it-works.html,,,,1
www.ringcentral.com,office,industry-solutions,business-communications-for-financial-services.html,,,1
www.ringcentral.com,office,industry-solutions,construction-businesses-cloud-phone-systems.html,,,1
www.ringcentral.com,office,industry-solutions,healthcare-communications-cloud-phone-systems.html,,,1
www.ringcentral.com,office,industry-solutions,law-firms-cloud-phone-systems.html,,,1
www.ringcentral.com,office,industry-solutions,manufacturing-companies-cloud-phone-systems.html,,,1
www.ringcentral.com,office,industry-solutions,overview.html,,,1
www.ringcentral.com,office,industry-solutions,professional-services-firms-cloud-phone-systems.html,,,1
www.ringcentral.com,office,industry-solutions,real-estate-professionals-cloud-phone-systems.html,,,1
www.ringcentral.com,office,industry-solutions,retail-business-cloud-phone-systems.html,,,1
www.ringcentral.com,office,industry-solutions,tech-industry-cloud-phone-systems.html,,,1
www.ringcentral.com,office,integrations,overview.html,,,1
www.ringcentral.com,office,phone-system-faq.html,,,,1
www.ringcentral.com,office,phone-system-features.html,,,,1
www.ringcentral.com,office,plansandpricing.html,,,,1
www.ringcentral.com,office,platform,overview.html,,,1
www.ringcentral.com,office,product-how-it-works.html,,,,1
www.ringcentral.com,office,roi-calculator,index.html,,,1
www.ringcentral.com,office,unified-communications.html,,,,1
www.ringcentral.com,office,voip-phone.html,,,,1
www.ringcentral.com,partner,agent.html,,,,1
www.ringcentral.com,partner,agentform.html,,,,1
www.ringcentral.com,partner,alliance_partners.html,,,,1
www.ringcentral.com,partner,franchise.html,,,,1
www.ringcentral.com,partner,franchisor_application.html,,,,1
www.ringcentral.com,partner,isvreseller.html,,,,1
www.ringcentral.com,partner,overview.html,,,,1
www.ringcentral.com,plansandpricing,ringcentralfax.html,,,,1
www.ringcentral.com,pro,features,faq.html,,,1
www.ringcentral.com,pro,features.html,,,,1
www.ringcentral.com,pro,plansandpricing.html,,,,1
www.ringcentral.com,sitemap.html,,,,,1
www.ringcentral.com,solutions,enterprise-business.html,,,,1
www.ringcentral.com,solutions,mid-sized-business.html,,,,1
www.ringcentral.com,solutions,professional-services.html,,,,1
www.ringcentral.com,solutions,small-business.html,,,,1
www.ringcentral.com,support,capacity.html,,,,1
www.ringcentral.com,support,international-rates.html,,,,1
www.ringcentral.com,support,multi-port-ata-spa8000.html,,,,1
www.ringcentral.com,support,qos-information.html,,,,1
www.ringcentral.com,support,qos-router.html,,,,1
www.ringcentral.com,support,qos.html,,,,1
www.ringcentral.com,teams,overview.html,,,,1
www.ringcentral.com,technology,integrations-apis.html,,,,1
www.ringcentral.com,technology,overview.html,,,,1
www.ringcentral.com,technology,qos.html,,,,1
www.ringcentral.com,technology,reliability.html,,,,1
www.ringcentral.com,technology,security.html,,,,1
www.ringcentral.com,technology,user-experience.html,,,,1
www.ringcentral.com,virtual-phone-service.html,,,,,1
www.ringcentral.com,voip-providers.html,,,,,1
www.ringcentral.com,voip-services.html,,,,,1
www.ringcentral.com,whyringcentral,analysts.html,,,,1
www.ringcentral.com,whyringcentral,awards,awards-2005.html,,,1
www.ringcentral.com,whyringcentral,awards,awards-2006.html,,,1
www.ringcentral.com,whyringcentral,awards,awards-2007.html,,,1
www.ringcentral.com,whyringcentral,awards,awards-2008.html,,,1
www.ringcentral.com,whyringcentral,awards,awards-2009.html,,,1
www.ringcentral.com,whyringcentral,awards,awards-2010.html,,,1
www.ringcentral.com,whyringcentral,awards,awards-2011.html,,,1
www.ringcentral.com,whyringcentral,awards,awards-2012.html,,,1
www.ringcentral.com,whyringcentral,awards,awards-2013.html,,,1
www.ringcentral.com,whyringcentral,awards,awards-2014.html,,,1
www.ringcentral.com,whyringcentral,awards,awards-2015.html,,,1
www.ringcentral.com,whyringcentral,awards,awards-2016.html,,,1
www.ringcentral.com,whyringcentral,awards.html,,,,1
www.ringcentral.com,whyringcentral,casestudies,040708.html,,,1
www.ringcentral.com,whyringcentral,casestudies,24hr-lockouts.html,,,1
www.ringcentral.com,whyringcentral,casestudies,bactes.html,,,1
www.ringcentral.com,whyringcentral,casestudies,better-homes-n-gardens.html,,,1
www.ringcentral.com,whyringcentral,casestudies,binswanger_glass.html,,,1
www.ringcentral.com,whyringcentral,casestudies,blue_ally.html,,,1
www.ringcentral.com,whyringcentral,casestudies,blue_health.html,,,1
www.ringcentral.com,whyringcentral,casestudies,cmms-data.html,,,1
www.ringcentral.com,whyringcentral,casestudies,construction-monitor.html,,,1
www.ringcentral.com,whyringcentral,casestudies,corporate-payroll-services-api.html,,,1
www.ringcentral.com,whyringcentral,casestudies,cresa.html,,,1
www.ringcentral.com,whyringcentral,casestudies,dalycomputers.html,,,1
www.ringcentral.com,whyringcentral,casestudies,digital-chalk.html,,,1
www.ringcentral.com,whyringcentral,casestudies,dmeautomotive.html,,,1
www.ringcentral.com,whyringcentral,casestudies,ez_surety_bonds.html,,,1
www.ringcentral.com,whyringcentral,casestudies,firstcreditservices.html,,,1
www.ringcentral.com,whyringcentral,casestudies,genius-food.html,,,1
www.ringcentral.com,whyringcentral,casestudies,hawkridge.html,,,1
www.ringcentral.com,whyringcentral,casestudies,hott-solutions.html,,,1
www.ringcentral.com,whyringcentral,casestudies,iatric-systems.html,,,1
www.ringcentral.com,whyringcentral,casestudies,jackson-hewitt.html,,,1
www.ringcentral.com,whyringcentral,casestudies,john-varvatos.html,,,1
www.ringcentral.com,whyringcentral,casestudies,medallia.html,,,1
www.ringcentral.com,whyringcentral,casestudies,midwest-freight.html,,,1
www.ringcentral.com,whyringcentral,casestudies,motion-recruitment.html,,,1
www.ringcentral.com,whyringcentral,casestudies,myoutdesk.html,,,1
www.ringcentral.com,whyringcentral,casestudies,nakedwines.html,,,1
www.ringcentral.com,whyringcentral,casestudies,open-mortgage.html,,,1
www.ringcentral.com,whyringcentral,casestudies,rokstar-events.html,,,1
www.ringcentral.com,whyringcentral,casestudies,santa_clara.html,,,1
www.ringcentral.com,whyringcentral,casestudies,schoology.html,,,1
www.ringcentral.com,whyringcentral,casestudies,structural-group.html,,,1
www.ringcentral.com,whyringcentral,casestudies,synergy.html,,,1
www.ringcentral.com,whyringcentral,casestudies,travelershaven.html,,,1
www.ringcentral.com,whyringcentral,casestudies,vigor-systems.html,,,1
www.ringcentral.com,whyringcentral,casestudies,walker-crips.html,,,1
www.ringcentral.com,whyringcentral,casestudies,workato.html,,,1
www.ringcentral.com,whyringcentral,casestudies,world_vision.html,,,1
www.ringcentral.com,whyringcentral,casestudies.html,,,,1
www.ringcentral.com,whyringcentral,company,pressreleases,pressreleasepage,ringcentral-to-present-at-ubs-global-technology-conf.html,1
www.ringcentral.com,whyringcentral,company,pressreleases,pressreleasepage,ringcentral-named-a-top-workplace-by-the-denver-post.html,1
www.ringcentral.com,whyringcentral,company,pressreleases,pressreleasepage,ringcentral-names-cisco-webex-veteran-david-berman-p.html,1
www.ringcentral.com,whyringcentral,company,pressreleases,pressreleasepage,ringcentral-office-now-available-on-ingram-micro-clo.html,1
www.ringcentral.com,whyringcentral,company,pressreleases,pressreleasepage,ringcentral-office-receives-pc-magazine-editors----c.html,1
www.ringcentral.com,whyringcentral,company,pressreleases,pressreleasepage,ringcentral-optimizes-business-communications-for-by.html,1
www.ringcentral.com,whyringcentral,company,pressreleases,pressreleasepage,ringcentral-survey-shows-generational-divide.html,1
www.ringcentral.com,whyringcentral,company,pressreleases,pressreleasepage,sandler-partners-becomes-master-agent-for-ringcentra.html,1
www.ringcentral.com,whyringcentral,company,pressreleases,pressreleasepage,ringcentral-honored-as-gold-stevie---award-winner-fo.html,1
www.ringcentral.com,whyringcentral,company,pressreleases,pressreleasepage,seventy-percent-of-businesses-with-traditional-in-of.html,1
www.ringcentral.com,whyringcentral,company,pressreleases,pressreleasepage,truste-scraps-on-premise-phone-system--opts-for-ring.html,1
www.ringcentral.com,whyringcentral,company,pressreleases,pressreleasepage,tsia-replaces-on-premise-phone-system-with--ringcent.html,1
www.ringcentral.com,whyringcentral,company,pressreleases,pressreleasepage,vlad-shmunis-semifinalist-in-northern-california-an-.html,1
www.ringcentral.com,whyringcentral,company,pressreleases,pressreleasepage,ringcentral-launches-cloud-business-communications-s.html,1
www.ringcentral.com,whyringcentral,company,pressreleases,pressreleasepage,ringcentral-files-registration-statement-for-propose.html,1
www.ringcentral.com,whyringcentral,company,pressreleases,pressreleasepage,-ringcentral-for-salesforce-launches-on-salesforce-c.html,1
www.ringcentral.com,whyringcentral,company,pressreleases,pressreleasepage,cloud-solutions-industry-veteran-walt-weisner-joins-.html,1
www.ringcentral.com,whyringcentral,company,pressreleases,pressreleasepage,-ringcentral-selected-by-alwayson-as-an-ondemand-top.html,1
www.ringcentral.com,whyringcentral,company,pressreleases,pressreleasepage,-sunwarrior-replaces-shoretel-on-premise-phone-syste.html,1
www.ringcentral.com,whyringcentral,company,pressreleases,pressreleasepage,-synergy-companies-replaces-on-premise-phone-system-.html,1
www.ringcentral.com,whyringcentral,company,pressreleases,pressreleasepage,at-t-extends-reach-with-end-to-end--business-phone-s.html,1
www.ringcentral.com,whyringcentral,company,pressreleases,pressreleasepage,britons-working-longer-hours-as-customer-expectation.html,1
www.ringcentral.com,whyringcentral,company,pressreleases,pressreleasepage,cloud-and-saas-industry-veteran-david-t--lee-joins-r.html,1
www.ringcentral.com,whyringcentral,company,pressreleases,pressreleasepage,dessange-replaces-on-premise-phone-system-with-ringc.html,1
www.ringcentral.com,whyringcentral,company,pressreleases,pressreleasepage,ringcentral-cloud-business-phone-solution-wins-best-.html,1
www.ringcentral.com,whyringcentral,company,pressreleases,pressreleasepage,employees-cutting-the-corporate-cord--personal-mobil.html,1
www.ringcentral.com,whyringcentral,company,pressreleases,pressreleasepage,itexpo-miami.html,1
www.ringcentral.com,whyringcentral,company,pressreleases,pressreleasepage,nakedwines-com-toasts-ringcentral---s-cloud-business.html,1
www.ringcentral.com,whyringcentral,company,pressreleases,pressreleasepage,ringcentral-announces-pricing-of-initial-public-offe.html,1
www.ringcentral.com,whyringcentral,company,pressreleases,pressreleasepage,ringcentral-announces-revenue-increase-of-42--for-th.html,1
www.ringcentral.com,whyringcentral,company,pressreleases,pressreleasepage,ringcentral-appoints-clyde-r--hosein-as-chief-financ.html,1
www.ringcentral.com,whyringcentral,company,pressreleases,pressreleases-2003,tollfreenumbers.html,1
www.ringcentral.com,whyringcentral,company,pressreleases,pressreleases-2003.html,,1
www.ringcentral.com,whyringcentral,company,pressreleases,pressreleases-2004,localnumbers.html,1
www.ringcentral.com,whyringcentral,company,pressreleases,pressreleases-2004.html,,1
www.ringcentral.com,whyringcentral,company,pressreleases,pressreleases-2005,onlinefaxing.html,1
www.ringcentral.com,whyringcentral,company,pressreleases,pressreleases-2005,click-to-call.html,1
www.ringcentral.com,whyringcentral,company,pressreleases,pressreleases-2005.html,,1
www.ringcentral.com,whyringcentral,company,pressreleases,pressreleases-2006,internetfaxpbx.html,1
www.ringcentral.com,whyringcentral,company,pressreleases,pressreleases-2006,click-to-callme.html,1
www.ringcentral.com,whyringcentral,company,pressreleases,pressreleases-2006,click-to-callservice.html,1
www.ringcentral.com,whyringcentral,company,pressreleases,pressreleases-2006,click-to-callvoicemail.html,1
www.ringcentral.com,whyringcentral,company,pressreleases,pressreleases-2006,faxondemand.html,1
www.ringcentral.com,whyringcentral,company,pressreleases,pressreleases-2006,faxservices.html,1
www.ringcentral.com,whyringcentral,company,pressreleases,pressreleases-2006,sendfax.html,1
www.ringcentral.com,whyringcentral,company,pressreleases,pressreleases-2006,tollfreeclick-to-call.html,1
www.ringcentral.com,whyringcentral,company,pressreleases,pressreleases-2006,tollfreepbx.html,1
www.ringcentral.com,whyringcentral,company,pressreleases,pressreleases-2006,tollfreevoicemail.html,1
www.ringcentral.com,whyringcentral,company,pressreleases,pressreleases-2006,virtualpbx.html,1
www.ringcentral.com,whyringcentral,company,pressreleases,pressreleases-2006,voipfax.html,1
www.ringcentral.com,whyringcentral,company,pressreleases,pressreleases-2006.html,,1
www.ringcentral.com,whyringcentral,company,pressreleases,pressreleases-2007,internettelephony.html,1
www.ringcentral.com,whyringcentral,company,pressreleases,pressreleases-2007,phoneservices.html,1
www.ringcentral.com,whyringcentral,company,pressreleases,pressreleases-2007,hostedpbx.html,1
www.ringcentral.com,whyringcentral,company,pressreleases,pressreleases-2007,111407.html,1
www.ringcentral.com,whyringcentral,company,pressreleases,pressreleases-2007,110607.html,1
www.ringcentral.com,whyringcentral,company,pressreleases,pressreleases-2007,071107.html,1
www.ringcentral.com,whyringcentral,company,pressreleases,pressreleases-2007.html,,1
www.ringcentral.com,whyringcentral,company,pressreleases,pressreleases-2008,022608.html,1
www.ringcentral.com,whyringcentral,company,pressreleases,pressreleases-2008,031108.html,1
www.ringcentral.com,whyringcentral,company,pressreleases,pressreleases-2008,032508.html,1
www.ringcentral.com,whyringcentral,company,pressreleases,pressreleases-2008,042208.html,1
www.ringcentral.com,whyringcentral,company,pressreleases,pressreleases-2008,050808.html,1
www.ringcentral.com,whyringcentral,company,pressreleases,pressreleases-2008,051208.html,1
www.ringcentral.com,whyringcentral,company,pressreleases,pressreleases-2008,061108.html,1
www.ringcentral.com,whyringcentral,company,pressreleases,pressreleases-2008,063008.html,1
www.ringcentral.com,whyringcentral,company,pressreleases,pressreleases-2008,071508.html,1
www.ringcentral.com,whyringcentral,company,pressreleases,pressreleases-2008,072908.html,1
www.ringcentral.com,whyringcentral,company,pressreleases,pressreleases-2008,081108.html,1
www.ringcentral.com,whyringcentral,company,pressreleases,pressreleases-2008,081208.html,1
www.ringcentral.com,whyringcentral,company,pressreleases,pressreleases-2008,081308.html,1
www.ringcentral.com,whyringcentral,company,pressreleases,pressreleases-2008,091008.html,1
www.ringcentral.com,whyringcentral,company,pressreleases,pressreleases-2008,091608.html,1
www.ringcentral.com,whyringcentral,company,pressreleases,pressreleases-2008,101508.html,1
www.ringcentral.com,whyringcentral,company,pressreleases,pressreleases-2008,102108.html,1
www.ringcentral.com,whyringcentral,company,pressreleases,pressreleases-2008,110308.html,1
www.ringcentral.com,whyringcentral,company,pressreleases,pressreleases-2008,120208.html,1
www.ringcentral.com,whyringcentral,company,pressreleases,pressreleases-2008,120808.html,1
www.ringcentral.com,whyringcentral,company,pressreleases,pressreleases-2008,pollresults_111108.html,1
www.ringcentral.com,whyringcentral,company,pressreleases,pressreleases-2008.html,,1
www.ringcentral.com,whyringcentral,company,pressreleases,pressreleases-2009,092109.html,1
www.ringcentral.com,whyringcentral,company,pressreleases,pressreleases-2009,110409.html,1
www.ringcentral.com,whyringcentral,company,pressreleases,pressreleases-2009,111709.html,1
www.ringcentral.com,whyringcentral,company,pressreleases,pressreleases-2009,120309.html,1
www.ringcentral.com,whyringcentral,company,pressreleases,pressreleases-2009,072009.html,1
www.ringcentral.com,whyringcentral,company,pressreleases,pressreleases-2009,081109.html,1
www.ringcentral.com,whyringcentral,company,pressreleases,pressreleases-2009,062309.html,1
www.ringcentral.com,whyringcentral,company,pressreleases,pressreleases-2009,010509.html,1
www.ringcentral.com,whyringcentral,company,pressreleases,pressreleases-2009,012609.html,1
www.ringcentral.com,whyringcentral,company,pressreleases,pressreleases-2009,061009.html,1
www.ringcentral.com,whyringcentral,company,pressreleases,pressreleases-2009,021709.html,1
www.ringcentral.com,whyringcentral,company,pressreleases,pressreleases-2009,032409.html,1
www.ringcentral.com,whyringcentral,company,pressreleases,pressreleases-2009,040209.html,1
www.ringcentral.com,whyringcentral,company,pressreleases,pressreleases-2009,040709.html,1
www.ringcentral.com,whyringcentral,company,pressreleases,pressreleases-2009,042809.html,1
www.ringcentral.com,whyringcentral,company,pressreleases,pressreleases-2009,052209.html,1
www.ringcentral.com,whyringcentral,company,pressreleases,pressreleases-2009.html,,1
www.ringcentral.com,whyringcentral,company,pressreleases,pressreleases-2010,081010.html,1
www.ringcentral.com,whyringcentral,company,pressreleases,pressreleases-2010,021610.html,1
www.ringcentral.com,whyringcentral,company,pressreleases,pressreleases-2010,012710.html,1
www.ringcentral.com,whyringcentral,company,pressreleases,pressreleases-2010,030210.html,1
www.ringcentral.com,whyringcentral,company,pressreleases,pressreleases-2010,030910.html,1
www.ringcentral.com,whyringcentral,company,pressreleases,pressreleases-2010,040610.html,1
www.ringcentral.com,whyringcentral,company,pressreleases,pressreleases-2010,041310.html,1
www.ringcentral.com,whyringcentral,company,pressreleases,pressreleases-2010,051910.html,1
www.ringcentral.com,whyringcentral,company,pressreleases,pressreleases-2010,061510.html,1
www.ringcentral.com,whyringcentral,company,pressreleases,pressreleases-2010,071310.html,1
www.ringcentral.com,whyringcentral,company,pressreleases,pressreleases-2010.html,,1
www.ringcentral.com,whyringcentral,company,pressreleases,pressreleases-2011,131211.html,1
www.ringcentral.com,whyringcentral,company,pressreleases,pressreleases-2011,2011_reseller_channelpartners.html,1
www.ringcentral.com,whyringcentral,company,pressreleases,pressreleases-2011,110913.html,1
www.ringcentral.com,whyringcentral,company,pressreleases,pressreleases-2011,051811.html,1
www.ringcentral.com,whyringcentral,company,pressreleases,pressreleases-2011.html,,1
www.ringcentral.com,whyringcentral,company,pressreleases,pressreleases-2012,041812.html,1
www.ringcentral.com,whyringcentral,company,pressreleases,pressreleases-2012,030412.html,1
www.ringcentral.com,whyringcentral,company,pressreleases,pressreleases-2012,032112.html,1
www.ringcentral.com,whyringcentral,company,pressreleases,pressreleases-2012,032812.html,1
www.ringcentral.com,whyringcentral,company,pressreleases,pressreleases-2012,051112.html,1
www.ringcentral.com,whyringcentral,company,pressreleases,pressreleases-2012,100912.html,1
www.ringcentral.com,whyringcentral,company,pressreleases,pressreleases-2012,131212.html,1
www.ringcentral.com,whyringcentral,company,pressreleases,pressreleases-2012,140312.html,1
www.ringcentral.com,whyringcentral,company,pressreleases,pressreleases-2012,280812.html,1
www.ringcentral.com,whyringcentral,company,pressreleases,pressreleases-2012,281112.html,1
www.ringcentral.com,whyringcentral,company,pressreleases,pressreleases-2012.html,,1
www.ringcentral.com,whyringcentral,company,pressreleases,pressreleases-2013.html,,1
www.ringcentral.com,whyringcentral,company,pressreleases,pressreleases-2014,pacific-bmw-improves-customer-communications-with-ringcentrals-r.html,1
www.ringcentral.com,whyringcentral,company,pressreleases,pressreleases-2014,coursera-saves-time---money-with-ringcentral-cloud-phone-system-.html,1
www.ringcentral.com,whyringcentral,company,pressreleases,pressreleases-2014,crn-magazine-named-ringcentrals-bonnie-lam-and-lisa-del-real-to-.html,1
www.ringcentral.com,whyringcentral,company,pressreleases,pressreleases-2014,david-berman-named-a-top-50-midmarket-it-vendor-executive-for-20.html,1
www.ringcentral.com,whyringcentral,company,pressreleases,pressreleases-2014,dynasplint-reinvigorates-office-collaboration-with-r.html,1
www.ringcentral.com,whyringcentral,company,pressreleases,pressreleases-2014,ey-announces-ringcentral-founder-and-chief-executive-officer-vla.html,1
www.ringcentral.com,whyringcentral,company,pressreleases,pressreleases-2014,ey-announces-that-vlad-shmunis--ringcentral-ceo-and-co-founder--.html,1
www.ringcentral.com,whyringcentral,company,pressreleases,pressreleases-2014,gartner-places-ringcentral-furthest-on-completeness-of-vision-ax.html,1
www.ringcentral.com,whyringcentral,company,pressreleases,pressreleases-2014,imply-hired-empowers-employees--decreases-downtime-and-eliminate.html,1
www.ringcentral.com,whyringcentral,company,pressreleases,pressreleases-2014,ingram-micro-delivers-ringcentral-office-solution-to-the-uk.html,1
www.ringcentral.com,whyringcentral,company,pressreleases,pressreleases-2014,jackson-hewitt-ready-for-tax-season-with-ringcentral-.html,1
www.ringcentral.com,whyringcentral,company,pressreleases,pressreleases-2014,kira-makagon--evp-of-innovation-at-ringcentral-honored-in-the-6t.html,1
www.ringcentral.com,whyringcentral,company,pressreleases,pressreleases-2014,lakeview-professional-services--inc--deploys-ringcentral-cloud-b.html,1
www.ringcentral.com,whyringcentral,company,pressreleases,pressreleases-2014,level-10-improves-client-communications-and-phone-system-reliabi.html,1
www.ringcentral.com,whyringcentral,company,pressreleases,pressreleases-2014,littleton-group-optimizes-communications-across-all-24-locations.html,1
www.ringcentral.com,whyringcentral,company,pressreleases,pressreleases-2014,national-law-firm-resnick---louis-connects-11-locations-with-rin.html,1
www.ringcentral.com,whyringcentral,company,pressreleases,pressreleases-2014,bowman-trailer-leasing-connects-32-locations-with-ringcentral-cloud-based-business-communications-system.html,1
www.ringcentral.com,whyringcentral,company,pressreleases,pressreleases-2014,belly-utilizes-the-perks-of-a-cloud-based-phone-system-with-ring.html,1
www.ringcentral.com,whyringcentral,company,pressreleases,pressreleases-2014,-ringcentral-enables-teles-properties-to-integrate-eleven-office.html,1
www.ringcentral.com,whyringcentral,company,pressreleases,pressreleases-2014,new-study-examines-the-total-economic-impact-of-adopting-cloud-b.html,1
www.ringcentral.com,whyringcentral,company,pressreleases,pressreleases-2014,ringcentral-added-to-membership-of-russell-2000--3000-and-global.html,1
www.ringcentral.com,whyringcentral,company,pressreleases,pressreleases-2014,ringcentral-announces-distribution-alliance-in-uk-with-imago-gro.html,1
www.ringcentral.com,whyringcentral,company,pressreleases,pressreleases-2014,survey-finds-empowered-millennials-expect-byod--crave-work-flexi.html,1
www.ringcentral.com,whyringcentral,company,pressreleases,pressreleases-2014,tenthwave-improves-client-communication-and-business-efficiency-.html,1
www.ringcentral.com,whyringcentral,company,pressreleases,pressreleases-2014,tri-valley-learning-center-connects-five-locations-statewide-wit.html,1
www.ringcentral.com,whyringcentral,company,pressreleases,pressreleases-2014,urthecast-adopts-ringcentrals-cloud-based--mobile-first-solution.html,1
www.ringcentral.com,whyringcentral,company,pressreleases,pressreleases-2014,venture-capital-investing-conference-announces-ringcentral-as-th.html,1
www.ringcentral.com,whyringcentral,company,pressreleases,pressreleases-2014,southlands-christian-schools-learns-the-benefits-of-a-cloud-busi.html,1
www.ringcentral.com,whyringcentral,company,pressreleases,pressreleases-2014,ringcentral-receives-enterprise-ready-rating-from-the-skyhigh-cl.html,1
www.ringcentral.com,whyringcentral,company,pressreleases,pressreleases-2014,ringcentral-receives-2014-unified-communications-product-of-the-.html,1
www.ringcentral.com,whyringcentral,company,pressreleases,pressreleases-2014,ringcentral-earns-global-business-excellence-award-for-outstandi.html,1
www.ringcentral.com,whyringcentral,company,pressreleases,pressreleases-2014,ringcentral-announces-revenue-increase-of-37-for-th.html,1
www.ringcentral.com,whyringcentral,company,pressreleases,pressreleases-2014,ringcentral-awarded-a-2014-crm-excellence-award--presented-by-cu.html,1
www.ringcentral.com,whyringcentral,company,pressreleases,pressreleases-2014,ringcentral-boosts-customer-service-capabilities--reduces-suppor.html,1
www.ringcentral.com,whyringcentral,company,pressreleases,pressreleases-2014,ringcentral-ceo-and-founder-vlad-shmunis--is-an-entrepreneur-of-.html,1
www.ringcentral.com,whyringcentral,company,pressreleases,pressreleases-2014,ringcentral-cloud-platform-selected-by-bt-for-a-new-generation-o.html,1
www.ringcentral.com,whyringcentral,company,pressreleases,pressreleases-2014,ringcentral-earns-2014-internet-telephony-tmc-labs-innovation-aw.html,1
www.ringcentral.com,whyringcentral,company,pressreleases,pressreleases-2014,ringcentral-enables-secure--enterprise-grade-byod-mobility-with-.html,1
www.ringcentral.com,whyringcentral,company,pressreleases,pressreleases-2014,ringcentral-receives-2014-strategy-innovation-award-from-chief-s.html,1
www.ringcentral.com,whyringcentral,company,pressreleases,pressreleases-2014,ringcentral-expands-denver-office--increases-investment-in-enter.html,1
www.ringcentral.com,whyringcentral,company,pressreleases,pressreleases-2014,ringcentral-expands-hd-video-meetings-across-office-product-line.html,1
www.ringcentral.com,whyringcentral,company,pressreleases,pressreleases-2014,ringcentral-expands-to-enterprise--launches-industry-first-mobil.html,1
www.ringcentral.com,whyringcentral,company,pressreleases,pressreleases-2014,ringcentral-helps-howard-midstream-energy-partners-update-commun.html,1
www.ringcentral.com,whyringcentral,company,pressreleases,pressreleases-2014,ringcentral-named-to-inaugural-crn-cloud-partner-program-guide.html,1
www.ringcentral.com,whyringcentral,company,pressreleases,pressreleases-2014,ringcentral-receives-2014-internet-telephony-product.html,1
www.ringcentral.com,whyringcentral,company,pressreleases,pressreleases-2014.html,,1
www.ringcentral.com,whyringcentral,company,pressreleases,pressreleases-2015,2015-american-business-awards-sm-recognizes-ringcentral-with-bro.html,1
www.ringcentral.com,whyringcentral,company,pressreleases,pressreleases-2015,allan-thygesen--vp-of-global-smb-sales-and-operations-for-google.html,1
www.ringcentral.com,whyringcentral,company,pressreleases,pressreleases-2015,bonnie-lam--rvp-channel-sales--of-ringcentral-recognized-as-2015.html,1
www.ringcentral.com,whyringcentral,company,pressreleases,pressreleases-2015,business-management-software-provider-mindbody-turns-to-ringcent.html,1
www.ringcentral.com,whyringcentral,company,pressreleases,pressreleases-2015,cresa-streamlines-communication-with-ringcentral.html,1
www.ringcentral.com,whyringcentral,company,pressreleases,pressreleases-2015,denver-post-names-ringcentral-a-top-workplace-for-third-consecut.html,1
www.ringcentral.com,whyringcentral,company,pressreleases,pressreleases-2015,lisa-del-real-of-ringcentral-named-to--2015-crn-women-of-the-cha.html,1
www.ringcentral.com,whyringcentral,company,pressreleases,pressreleases-2015,ringcentral-acquires-glip--a-team-messaging-and-collaboration-co.html,1
www.ringcentral.com,whyringcentral,company,pressreleases,pressreleases-2015,ringcentral-adds-cloud-contact-center-to-its-enterprise-communic.html,1
www.ringcentral.com,whyringcentral,company,pressreleases,pressreleases-2015,ringcentral-announces-35--revenue-growth-for-first-quarter-2015.html,1
www.ringcentral.com,whyringcentral,company,pressreleases,pressreleases-2015,ringcentral-announces-35--revenue-growth-for-third-quarter-2015.html,1
www.ringcentral.com,whyringcentral,company,pressreleases,pressreleases-2015,ringcentral-announces-hipaa-compliant-solution-for-health-care-c.html,1
www.ringcentral.com,whyringcentral,company,pressreleases,pressreleases-2015,ringcentral-appoints-nfl-cio-michelle-mckenna-doyle-to-its-board.html,1
www.ringcentral.com,whyringcentral,company,pressreleases,pressreleases-2015,ringcentral-selected-to-deloittes-technology-fast-500--for-the-s.html,1
www.ringcentral.com,whyringcentral,company,pressreleases,pressreleases-2015,ringcentral-supports-bt-to-launch-bt-cloud-phone-in-the-uk.html,1
www.ringcentral.com,whyringcentral,company,pressreleases,pressreleases-2015,ringcentral-teams-up-with-jenne--a-leading-value-added-distribut.html,1
www.ringcentral.com,whyringcentral,company,pressreleases,pressreleases-2015,ringcentral-welcomes-al-campa-as-chief-marketing-officer.html,1
www.ringcentral.com,whyringcentral,company,pressreleases,pressreleases-2015,tecta-america-improves-customer-and-company-communications-with-.html,1
www.ringcentral.com,whyringcentral,company,pressreleases,pressreleases-2015,zoho-and-ringcentral-integrate-crm-cloud-communication-solution.html,1
www.ringcentral.com,whyringcentral,company,pressreleases,pressreleases-2015,ringcentral-selected-by-teachers-college--columbia-university-to.html,1
www.ringcentral.com,whyringcentral,company,pressreleases,pressreleases-2015,ringcentral-selected-by-medallia-to-power-global-cloud-business-.html,1
www.ringcentral.com,whyringcentral,company,pressreleases,pressreleases-2015,ringcentral-opens-platform-to-bring-cloud-communications--to-bus.html,1
www.ringcentral.com,whyringcentral,company,pressreleases,pressreleases-2015,ringcentral-expands-distribution-of-cloud-communications-with-le.html,1
www.ringcentral.com,whyringcentral,company,pressreleases,pressreleases-2015,ringcentral-arms-mobile-workforce-with-apple-watch-app.html,1
www.ringcentral.com,whyringcentral,company,pressreleases,pressreleases-2015,ringcentral-brings-cloud-business-phone-system-to-microsoft-offi.html,1
www.ringcentral.com,whyringcentral,company,pressreleases,pressreleases-2015,ringcentral-delivers-integrated-glip-team-messaging--and-collabo.html,1
www.ringcentral.com,whyringcentral,company,pressreleases,pressreleases-2015,ringcentral-enables-enterprise-grade-business-communications-wit.html,1
www.ringcentral.com,whyringcentral,company,pressreleases,pressreleases-2015,ringcentral-executive-kira-makagon-selected-for-ywca-silicon-val.html,1
www.ringcentral.com,whyringcentral,company,pressreleases,pressreleases-2015,ringcentral-expands-connect-platform-to-empower-developers-with-.html,1
www.ringcentral.com,whyringcentral,company,pressreleases,pressreleases-2015,ringcentral-expands-in-asia-pacific-with-cloud-business-communic.html,1
www.ringcentral.com,whyringcentral,company,pressreleases,pressreleases-2015,ringcentral-office-receives-pc-magazine-editors-choice-award-for.html,1
www.ringcentral.com,whyringcentral,company,pressreleases,pressreleases-2015,ringcentral-for-oracle-sales-cloud-now-available-in-the-oracle-c.html,1
www.ringcentral.com,whyringcentral,company,pressreleases,pressreleases-2015,ringcentral-integrates-cloud-communications-system-with-google-f.html,1
www.ringcentral.com,whyringcentral,company,pressreleases,pressreleases-2015,ringcentral-joins-forces-with-telus-to--launch-telus-business-co.html,1
www.ringcentral.com,whyringcentral,company,pressreleases,pressreleases-2015,ringcentral-named-a-leader-in-gartners-2015-magic-quadrant-for-u.html,1
www.ringcentral.com,whyringcentral,company,pressreleases,pressreleases-2015,ringcentral-named-by-google-as-one-of-the-first-solutions-in-rec.html,1
www.ringcentral.com,whyringcentral,company,pressreleases,pressreleases-2015,ringcentral-names-mike-kourey-to-its-board-of-directors.html,1
www.ringcentral.com,whyringcentral,company,pressreleases,pressreleases-2015.html,,1
www.ringcentral.com,whyringcentral,company,pressreleases,pressreleases-2016,ringcentral_s-partner-program-given-5-star-rating-in-crns-2016-p.html,1
www.ringcentral.com,whyringcentral,company,pressreleases,pressreleases-2016,software-analytics-company-chooses-ringcentral-to-scale-global-c.html,1
www.ringcentral.com,whyringcentral,company,pressreleases,pressreleases-2016,sungevity-replaces-legacy-on-premise-system-with-ringcentral-cloud-solution-to-scale-communications-globally.html,1
www.ringcentral.com,whyringcentral,company,pressreleases,pressreleases-2016,westcon-comstor--a-premier-value-added-distributor--partners-wit.html,1
www.ringcentral.com,whyringcentral,company,pressreleases,pressreleases-2016,world-vision-replaces-legacy-on-premise-communications-systems-w.html,1
www.ringcentral.com,whyringcentral,company,pressreleases,pressreleases-2016,santa-clara-unified-school-district-moves-its-communications-inf.html,1
www.ringcentral.com,whyringcentral,company,pressreleases,pressreleases-2016,ringcentral-ushers-in-new-era-of-enterprise-cloud-communications.html,1
www.ringcentral.com,whyringcentral,company,pressreleases,pressreleases-2016,ringcentral-unveils-next-generation-cloud-based-enterprise-room-.html,1
www.ringcentral.com,whyringcentral,company,pressreleases,pressreleases-2016,box-adopts-ringcentral-office-worldwide-to-streamline-enterprise.html,1
www.ringcentral.com,whyringcentral,company,pressreleases,pressreleases-2016,brightway-insurance-replaces-legacy-pbx-system-with-ringcentral-.html,1
www.ringcentral.com,whyringcentral,company,pressreleases,pressreleases-2016,del-monte-foods-streamlines-business-communications-worldwide-wi.html,1
www.ringcentral.com,whyringcentral,company,pressreleases,pressreleases-2016,dhc-usa-eliminates-legacy-pbx-system-in-favor-of-much-richer-rin.html,1
www.ringcentral.com,whyringcentral,company,pressreleases,pressreleases-2016,home-franchise-concepts-to-adopt-ringcentral-across-1-200-franch.html,1
www.ringcentral.com,whyringcentral,company,pressreleases,pressreleases-2016,largest-free-standing-privately-held-cancer-center-in-the-u-s--r.html,1
www.ringcentral.com,whyringcentral,company,pressreleases,pressreleases-2016,leading-engineering-consulting-firm-efficiently-unites-global-di.html,1
www.ringcentral.com,whyringcentral,company,pressreleases,pressreleases-2016,lisa-del-real-of-ringcentral-recognized-as-one-of-crns-2016-wome.html,1
www.ringcentral.com,whyringcentral,company,pressreleases,pressreleases-2016,midway-university-replaces-legacy-system-with-ringcentral-cloud-.html,1
www.ringcentral.com,whyringcentral,company,pressreleases,pressreleases-2016,motion-recruitment-partners-standardizes-on-ringcentral-to-suppo.html,1
www.ringcentral.com,whyringcentral,company,pressreleases,pressreleases-2016,power-of-the-platform--ringcentral-connect-platform-achieves-new.html,1
www.ringcentral.com,whyringcentral,company,pressreleases,pressreleases-2016,ringcentral-hits-major-milestone-with-100-u-s--patents.html,1
www.ringcentral.com,whyringcentral,company,pressreleases,pressreleases-2016,ringcentral-elevates-global-enterprise-focus-with-introduction-o.html,1
www.ringcentral.com,whyringcentral,company,pressreleases,pressreleases-2016,ringcentral-expands-professional-services-offering-for-enterpris.html,1
www.ringcentral.com,whyringcentral,company,pressreleases,pressreleases-2016,ringcentral-expands-worldwide-footprint-of-global-officetm-solut.html,1
www.ringcentral.com,whyringcentral,company,pressreleases,pressreleases-2016,ringcentral-extends-channel-program--hires-new-channel-head.html,1
www.ringcentral.com,whyringcentral,company,pressreleases,pressreleases-2016,ringcentral-global-office-adopted-by-nearly-400-multinational-en.html,1
www.ringcentral.com,whyringcentral,company,pressreleases,pressreleases-2016,ringcentral-hires-industry-veterans-to-expand-ucaas-enterprise-s.html,1
www.ringcentral.com,whyringcentral,company,pressreleases,pressreleases-2016,ringcentral-integrates-communications-and-messaging-platform-int.html,1
www.ringcentral.com,whyringcentral,company,pressreleases,pressreleases-2016,ringcentral-customers-embrace-business-messaging-as-demand-builds-for-unified-communications-and-collaboration.html,1
www.ringcentral.com,whyringcentral,company,pressreleases,pressreleases-2016,ringcentral-introduces-cloudconnect-for-direct-access-to-the-rin.html,1
www.ringcentral.com,whyringcentral,company,pressreleases,pressreleases-2016,ringcentral-named-a-leader-in-gartners-2016-magic-quadrant.html,1
www.ringcentral.com,whyringcentral,company,pressreleases,pressreleases-2016,ringcentral-named-to-forbes-list-of-100-most-trustworthy-compani.html,1
www.ringcentral.com,whyringcentral,company,pressreleases,pressreleases-2016,ringcentral-office--new-integrations-with-microsoft-outlook--and.html,1
www.ringcentral.com,whyringcentral,company,pressreleases,pressreleases-2016,ringcentral-professional-services-scales-globally-with-new-certi.html,1
www.ringcentral.com,whyringcentral,company,pressreleases,pressreleases-2016,ringcentral-rolls-out-new-ringcentral-glip-ios-and-android-apps-.html,1
www.ringcentral.com,whyringcentral,company,pressreleases,pressreleases-2016,ringcentral-earns-frost---sullivans-market-leadership-award-for-.html,1
www.ringcentral.com,whyringcentral,company,pressreleases,pressreleases-2016,ringcentral-continues-to-strengthen-channel-presence-through-new.html,1
www.ringcentral.com,whyringcentral,company,pressreleases,pressreleases-2016,prosperworks-adopts-ringcentral-office--integrated-with-google-f.html,1
www.ringcentral.com,whyringcentral,company,pressreleases,pressreleases-2016,ringcentral-announces-first-quarter-2016-results.html,1
www.ringcentral.com,whyringcentral,company,pressreleases,pressreleases-2016,re-max-selects-ringcentral-as-approved-supplier-for-business-com0.html,1
www.ringcentral.com,whyringcentral,company,pressreleases,pressreleases-2016,ringcentral--google-join-forces-to-help-transition-enterprises-t.html,1
www.ringcentral.com,whyringcentral,company,pressreleases,pressreleases-2016,ringcentral-advances-enterprise-communication-and-collaboration-showcase-innovations-enterprise-connect-2016.html,1
www.ringcentral.com,whyringcentral,company,pressreleases,pressreleases-2016,ringcentral-and-okta-partner-to-enable-the-future-of-work-with-s.html,1
www.ringcentral.com,whyringcentral,company,pressreleases,pressreleases-2016,ringcentral-announces-35--revenue-growth-for-fourth-quarter-2015.html,1
www.ringcentral.com,whyringcentral,company,pressreleases,pressreleases-2016,ringcentral-announces-avant-as-premier-master-agent-partner-to-b.html,1
www.ringcentral.com,whyringcentral,company,pressreleases,pressreleases-2016,ringcentral-announces-intelisys-as-premier-technology-services-distributor-to-deliver-cloud-communications-solutions-worldwide.html,1
www.ringcentral.com,whyringcentral,company,pressreleases,pressreleases-2016,ringcentral-connect-platformtm-reaches-one-million-api-requests-per-day-as-interoperability.html,1
www.ringcentral.com,whyringcentral,company,pressreleases,pressreleases-2016,ringcentral-announces-second-quarter-2016-results.html,1
www.ringcentral.com,whyringcentral,company,pressreleases,pressreleases-2016,ringcentral-appoints-riadh-dridi-as-chief-marketing-officer.html,1
www.ringcentral.com,whyringcentral,company,pressreleases,pressreleases-2016,ringcentral-associate-vice-president-product-management-ritu-mukherjee.html,1
www.ringcentral.com,whyringcentral,company,pressreleases,pressreleases-2016,ringcentral-awarded-2016-tmc-internet-telephony-product-of-the-y.html,1
www.ringcentral.com,whyringcentral,company,pressreleases,pressreleases-2016,ringcentral-bolsters-channel-partner-program-through-new-master-.html,1
www.ringcentral.com,whyringcentral,company,pressreleases,pressreleases-2016,ringcentral-brings-together-technologists-at-first-annual-xiamen.html,1
www.ringcentral.com,whyringcentral,company,pressreleases,pressreleases-2016.html,,1
www.ringcentral.com,whyringcentral,company,pressreleases,pressreleases-2017,ringcentral-breaks-away-from-the-competition-as-ucaas-market-leader-according-to-latest-synergy-research-group-report.html,1
www.ringcentral.com,whyringcentral,company,pressreleases,pressreleases-2017,ringcentral-expands-global-footprint-in-asia-pacific-and-launche.html,1
www.ringcentral.com,whyringcentral,company,pressreleases,pressreleases-2017,ringcentral-expands-in-france-to-meet-needs-of-enterprises.html,1
www.ringcentral.com,whyringcentral,company,pressreleases,pressreleases-2017,ringcentral-expands-real-time-analytics-to-empower-enterprise-it.html,1
www.ringcentral.com,whyringcentral,company,pressreleases,pressreleases-2017,ringcentral-extends-connect-platform.html,1
www.ringcentral.com,whyringcentral,company,pressreleases,pressreleases-2017,ringcentral-given-5-star-rating-in-crns-2017-partner-program-gui.html,1
www.ringcentral.com,whyringcentral,company,pressreleases,pressreleases-2017,ringcentral-glip-wins-gold-stevie-award.html,1
www.ringcentral.com,whyringcentral,company,pressreleases,pressreleases-2017,ringcentral-launches-channel-harmony--one-to-infinity-program-.html,1
www.ringcentral.com,whyringcentral,company,pressreleases,pressreleases-2017,ringcentral-named-2017-company-of-the-year-by-frost-and-sullivan.html,1
www.ringcentral.com,whyringcentral,company,pressreleases,pressreleases-2017,ringcentral-named-a-leader-in-2017-gartner-ucaas-magic-quadrant.html,1
www.ringcentral.com,whyringcentral,company,pressreleases,pressreleases-2017,ringcentral-provides-healthcare-organizations-with-powerful--sec.html,1
www.ringcentral.com,whyringcentral,company,pressreleases,pressreleases-2017,ringcentral-ranked--1-cloud-communications-solution-provider--ac.html,1
www.ringcentral.com,whyringcentral,company,pressreleases,pressreleases-2017,ringcentral-rises-to-the-top-in-the-2017-ihs-markit-north-american-ucaas-scorecard.html,1
www.ringcentral.com,whyringcentral,company,pressreleases,pressreleases-2017,ringcentral-unveils-new-enterprise-cloud-webinar-solution-to-host-virtual-events.html,1
www.ringcentral.com,whyringcentral,company,pressreleases,pressreleases-2017,ringcentral-unveils-next-generation-ringcentral-office-.html,1
www.ringcentral.com,whyringcentral,company,pressreleases,pressreleases-2017,ringcentral-awarded-the-2017-silver-stevie-award-for-customer-se.html,1
www.ringcentral.com,whyringcentral,company,pressreleases,pressreleases-2017,ringcentral-appoints-derrell-james-as-svp-of-professional-servic.html,1
www.ringcentral.com,whyringcentral,company,pressreleases,pressreleases-2017,ringcentral-announces-planetone-communications-as-premier-master.html,1
www.ringcentral.com,whyringcentral,company,pressreleases,pressreleases-2017,explore-the-power-of-connection-at-ringcentrals-second-annual-user-conference.html,1
www.ringcentral.com,whyringcentral,company,pressreleases,pressreleases-2017,carvana-moves-away-from-legacy-on-premise-communication-system-t.html,1
www.ringcentral.com,whyringcentral,company,pressreleases,pressreleases-2017,extra-space-storage-replaces-legacy-solutions-with-ringcentral.html,1
www.ringcentral.com,whyringcentral,company,pressreleases,pressreleases-2017,ringcentral-announces-new-european-offering.html,1
www.ringcentral.com,whyringcentral,company,pressreleases,pressreleases-2017,kenneth-goldman-joins-ringcentral-board-of-directors.html,1
www.ringcentral.com,whyringcentral,company,pressreleases,pressreleases-2017,primary-care-provider-chenmed-deploys-ringcentral.html,1
www.ringcentral.com,whyringcentral,company,pressreleases,pressreleases-2017,ringCentral-announces-agenda-highlights-for-connectCentral-2017-user-conference.html,1
www.ringcentral.com,whyringcentral,company,pressreleases,pressreleases-2017,ringCentral-unveils-new-innovations-at-connectcentral-2017.html,1
www.ringcentral.com,whyringcentral,company,pressreleases,pressreleases-2017,ringcentral-announces-carousel-industries-as-strategic-partner-t.html,1
www.ringcentral.com,whyringcentral,company,pressreleases,pressreleases-2017,ringcentral-announces-expansion-of-connect-platform-partner-prog.html,1
www.ringcentral.com,whyringcentral,company,pressreleases,pressreleases-2017,structural-group-empowers-its-employees-with-ringcentrals-cloud-.html,1
www.ringcentral.com,whyringcentral,company,pressreleases,pressreleases-2017,telus-and-ringcentral-expand-portfolio-of-cloud-communications-solutions-to-keep-canadian-businesses-connected.html,1
www.ringcentral.com,whyringcentral,company,pressreleases,pressreleases-2017,the-salvation-army-national-headquarters-to-replace-legacy-on-premise-systems-with-ringcentrals-cloud.html,1
www.ringcentral.com,whyringcentral,company,pressreleases,pressreleases-2017,tuff-shed-selects-ringcentral-cloud-communications-solutions-to-replace-legacy-systems-serving-130-locations.html,1
www.ringcentral.com,whyringcentral,company,pressreleases,pressreleases-2017,zane-long--vice-president-of-channel-sales-at-ringcentral--recog.html,1
www.ringcentral.com,whyringcentral,company,pressreleases.html,,,1
www.ringcentral.com,whyringcentral,company.html,,,,1
www.ringcentral.com,whyringcentral,contactus.html,,,,1
www.ringcentral.com,whyringcentral,formedia.html,,,,1
www.ringcentral.com,whyringcentral,inthenews,inthenews-2007.html,,,1
www.ringcentral.com,whyringcentral,inthenews,inthenews-2008.html,,,1
www.ringcentral.com,whyringcentral,inthenews,inthenews-2009.html,,,1
www.ringcentral.com,whyringcentral,inthenews,inthenews-2010.html,,,1
www.ringcentral.com,whyringcentral,inthenews,inthenews-2011.html,,,1
www.ringcentral.com,whyringcentral,inthenews,inthenews-2012.html,,,1
www.ringcentral.com,whyringcentral,inthenews,inthenews-2013.html,,,1
www.ringcentral.com,whyringcentral,inthenews,inthenews-2014.html,,,1
www.ringcentral.com,whyringcentral,inthenews,inthenews-2015.html,,,1
www.ringcentral.com,whyringcentral,inthenews,inthenews-2016.html,,,1
www.ringcentral.com,whyringcentral,inthenews.html,,,,1
www.ringcentral.com,whyringcentral,leadership,clyde-hosein.html,,,1
www.ringcentral.com,whyringcentral,leadership,david-sipes.html,,,1
www.ringcentral.com,whyringcentral,leadership,derrell-james.html,,,1
www.ringcentral.com,whyringcentral,leadership,john-marlow.html,,,1
www.ringcentral.com,whyringcentral,leadership,kira-makagon.html,,,1
www.ringcentral.com,whyringcentral,leadership,mitesh-dhruv.html,,,1
www.ringcentral.com,whyringcentral,leadership,praful-k-shah.html,,,1
www.ringcentral.com,whyringcentral,leadership,riadh-dridi.html,,,1
www.ringcentral.com,whyringcentral,leadership,richard-borenstein.html,,,1
www.ringcentral.com,whyringcentral,leadership,ryan-azus.html,,,1
www.ringcentral.com,whyringcentral,leadership,vlad-shmunis.html,,,1
www.ringcentral.com,whyringcentral,leadership,vlad-vendrow.html,,,1
www.ringcentral.com,whyringcentral,leadership,walt-weisner.html,,,1
www.ringcentral.com,whyringcentral,leadership.html,,,,1
www.ringcentral.com,whyringcentral,pressimages.html,,,,1
www.ringcentral.com,whyringcentral,reviews.html,,,,1
www.ringcentral.com,whyringcentral.html,,,,,1
